customerID,gender,SeniorCitizen,Partner,Dependents,tenure,PhoneService,MultipleLines,InternetService,OnlineSecurity,OnlineBackup,DeviceProtection,TechSupport,StreamingTV,StreamingMovies,Contract,PaperlessBilling,PaymentMethod,MonthlyCharges,TotalCharges,Churn
1024-GUALD,Female,0,Yes,No,1,No,No phone service,DSL,No,No,No,No,No,No,Month-to-month,Yes,Electronic check,39.8,24.8,Yes
0484-JPBRU,Male,0,No,No,41,Yes,Yes,No,No internet service,No internet service,No internet service,No internet service,No internet service,No internet service,Month-to-month,Yes,Bank transfer (automatic),40.25,996.45,No
3620-EHIMZ,Female,0,Yes,Yes,52,Yes,No,No,No internet service,No internet service,No internet service,No internet service,No internet service,No internet service,Two year,No,Mailed check,34.35,1031.7,No
6910-HADCM,Female,0,No,No,1,Yes,No,Fiber optic,No,No,Yes,No,No,No,Month-to-month,No,Electronic check,91.35,76.35,Yes
8587-XYZSF,Male,0,No,No,67,Yes,No,DSL,No,No,No,Yes,No,No,Month-to-month,No,Bank transfer (automatic),65.55,3260.1,No
6818-WOBHJ,Female,1,Yes,No,68,Yes,Yes,Fiber optic,No,Yes,No,No,No,Yes,Month-to-month,Yes,Bank transfer (automatic),104.6,6127.6,Yes
3082-YVEKW,Female,0,Yes,Yes,23,Yes,Yes,DSL,Yes,No,Yes,Yes,Yes,No,Two year,Yes,Bank transfer (automatic),92.15,1759.4,No
4737-AQCPU,Male,0,Yes,Yes,72,Yes,Yes,DSL,Yes,Yes,Yes,Yes,No,No,Two year,No,Credit card (automatic),87.1,5016.65,No
4853-RULSV,Male,0,No,No,70,Yes,Yes,Fiber optic,Yes,No,No,Yes,Yes,Yes,Month-to-month,Yes,Credit card (automatic),119.0,7250.15,Yes
5766-ZJYBB,Male,0,No,No,1,Yes,No,No,No internet service,No internet service,No internet service,No internet service,No internet service,No internet service,Month-to-month,No,Mailed check,34.4,19.4,Yes
2668-TZSPS,Male,0,No,No,1,Yes,No,No,No internet service,No internet service,No internet service,No internet service,No internet service,No internet service,Month-to-month,No,Mailed check,35.45,20.45,No
3192-LNKRK,Male,0,Yes,Yes,34,Yes,No,Fiber optic,No,No,Yes,No,Yes,No,Month-to-month,Yes,Mailed check,99.05,2909.95,No
5315-CKEQK,Male,1,Yes,Yes,28,Yes,Yes,DSL,No,No,No,No,No,No,Month-to-month,Yes,Electronic check,66.0,1381.8,No
5914-DVBWJ,Female,1,No,No,18,Yes,Yes,Fiber optic,No,Yes,No,Yes,No,No,Month-to-month,Yes,Electronic check,100.45,1505.85,Yes
7998-ZLXWN,Female,0,Yes,No,15,Yes,No,No,No internet service,No internet service,No internet service,No internet service,No internet service,No internet service,Month-to-month,No,Credit card (automatic),35.45,330.8,No
6328-ZPBGN,Female,1,No,No,11,Yes,Yes,Fiber optic,No,No,No,No,Yes,Yes,Month-to-month,Yes,Bank transfer (automatic),110.15,997.65,Yes
9530-EHPOH,Male,0,No,No,11,Yes,Yes,DSL,No,No,Yes,No,No,No,Month-to-month,No,Electronic check,68.75,608,Yes
1853-UDXBW,Male,0,Yes,Yes,1,Yes,No,Fiber optic,No,No,No,No,No,No,Month-to-month,Yes,Electronic check,85.0,70,Yes
2672-TGEFF,Female,0,Yes,Yes,37,Yes,Yes,Fiber optic,No,Yes,No,No,Yes,No,Month-to-month,Yes,Electronic check,103.8,3340.55,No
1902-XBTFB,Male,0,No,Yes,22,Yes,No,Fiber optic,No,Yes,Yes,No,Yes,No,Month-to-month,Yes,Electronic check,104.4,2001.5,Yes
1640-PLFMP,Female,0,No,No,1,Yes,No,Fiber optic,No,No,No,No,No,No,Month-to-month,Yes,Electronic check,85.25,70.25,No
3679-XASPY,Female,0,Yes,Yes,1,Yes,No,No,No internet service,No internet service,No internet service,No internet service,No internet service,No internet service,Month-to-month,No,Electronic check,34.45,19.45,No
7356-IWLFW,Male,0,Yes,Yes,46,Yes,Yes,Fiber optic,No,Yes,No,No,No,No,Month-to-month,Yes,Bank transfer (automatic),95.0,3769.7,No
9036-CSKBW,Female,0,No,No,51,Yes,Yes,Fiber optic,Yes,Yes,Yes,No,Yes,Yes,One year,No,Bank transfer (automatic),122.45,5680.9,No
8952-WCVCD,Female,0,Yes,No,41,Yes,No,Fiber optic,Yes,Yes,Yes,No,Yes,Yes,One year,Yes,Bank transfer (automatic),119.45,4162.05,No
2100-BDNSN,Female,0,Yes,No,5,Yes,Yes,DSL,No,No,Yes,Yes,Yes,No,Month-to-month,No,Bank transfer (automatic),82.95,350.3,Yes
2869-ADAWR,Female,0,No,No,45,Yes,Yes,Fiber optic,No,Yes,No,No,Yes,No,Month-to-month,Yes,Credit card (automatic),104.3,4016.85,Yes
5832-EXGTT,Male,0,Yes,Yes,29,Yes,No,DSL,Yes,No,No,No,No,Yes,Month-to-month,Yes,Mailed check,75.2,1834.15,No
9402-ORRAH,Female,1,No,No,15,Yes,No,Fiber optic,No,No,No,No,Yes,Yes,Month-to-month,Yes,Electronic check,106.5,1400.3,No
4967-WPNCF,Male,0,No,No,72,No,No phone service,DSL,Yes,Yes,Yes,Yes,Yes,Yes,Month-to-month,Yes,Bank transfer (automatic),78.7,4464.8,No
8033-VCZGH,Male,0,Yes,No,50,Yes,Yes,Fiber optic,Yes,No,Yes,No,Yes,Yes,One year,Yes,Electronic check,118.95,5231.3,No
9392-XBGTD,Male,0,No,Yes,27,Yes,No,No,No internet service,No internet service,No internet service,No internet service,No internet service,No internet service,Two year,No,Mailed check,35.6,581.85,No
0078-XZMHT,Male,0,Yes,No,72,Yes,Yes,DSL,No,Yes,Yes,Yes,Yes,Yes,Month-to-month,Yes,Bank transfer (automatic),100.15,6316.2,No
0743-HNPFG,Female,0,Yes,Yes,51,Yes,No,DSL,Yes,Yes,No,Yes,No,Yes,Month-to-month,Yes,Credit card (automatic),84.75,3562.5,No
5334-JLAXU,Female,0,Yes,No,60,Yes,Yes,Fiber optic,Yes,Yes,No,No,No,Yes,Month-to-month,Yes,Credit card (automatic),109.1,5475.9,No
5696-EXCYS,Male,0,No,No,17,Yes,No,No,No internet service,No internet service,No internet service,No internet service,No internet service,No internet service,Month-to-month,No,Credit card (automatic),34.45,369.05,No
2569-WGERO,Female,0,No,No,72,Yes,No,No,No internet service,No internet service,No internet service,No internet service,No internet service,No internet service,Month-to-month,Yes,Bank transfer (automatic),36.15,1419.4,No
5219-YIPTK,Female,0,Yes,No,33,Yes,Yes,Fiber optic,No,Yes,Yes,No,Yes,Yes,Month-to-month,Yes,Electronic check,119.4,3409.6,Yes
5553-AOINX,Female,1,Yes,Yes,66,Yes,Yes,Fiber optic,No,Yes,Yes,No,Yes,Yes,Month-to-month,Yes,Electronic check,119.9,6891.45,No
5502-RLUYV,Female,0,Yes,Yes,69,Yes,Yes,Fiber optic,No,Yes,Yes,No,Yes,Yes,Month-to-month,Yes,Electronic check,118.95,7446.9,Yes
2058-DCJBE,Male,0,No,No,5,Yes,No,Fiber optic,No,No,No,No,No,No,Month-to-month,Yes,Electronic check,84.75,324.6,Yes
2293-IJWPS,Female,0,Yes,No,57,Yes,Yes,Fiber optic,No,No,Yes,No,Yes,Yes,One year,Yes,Credit card (automatic),115.75,5985,No
7130-VTEWQ,Female,1,No,No,8,Yes,Yes,Fiber optic,No,No,No,No,No,No,Month-to-month,Yes,Electronic check,90.75,606.25,Yes
0080-EMYVY,Female,0,No,No,14,Yes,No,DSL,No,Yes,No,No,No,No,Month-to-month,No,Credit card (automatic),66.45,727.85,No
0148-DCDOS,Male,0,No,No,25,Yes,Yes,Fiber optic,No,No,No,No,Yes,Yes,Month-to-month,Yes,Bank transfer (automatic),109.7,2362.1,Yes
9170-ARBTB,Female,0,Yes,Yes,52,Yes,No,No,No internet service,No internet service,No internet service,No internet service,No internet service,No internet service,One year,No,Credit card (automatic),34.6,1012.4,No
2070-FNEXE,Female,1,No,No,7,Yes,No,Fiber optic,Yes,No,No,No,No,No,Month-to-month,No,Bank transfer (automatic),91.45,503.6,Yes
5364-EVNIB,Male,0,No,No,13,Yes,No,Fiber optic,No,Yes,Yes,No,No,No,Month-to-month,Yes,Electronic check,94.8,973.45,Yes
1112-CUNAO,Female,1,No,No,15,Yes,Yes,Fiber optic,No,Yes,No,No,No,Yes,Month-to-month,No,Electronic check,104.85,1424.95,Yes
4576-CSAJH,Male,0,No,No,22,Yes,No,DSL,No,Yes,No,Yes,No,No,Month-to-month,Yes,Credit card (automatic),70.15,1193.05,Yes
9967-ATRFS,Female,0,No,No,19,Yes,No,No,No internet service,No internet service,No internet service,No internet service,No internet service,No internet service,Month-to-month,No,Mailed check,34.9,367.55,No
1360-RCYRT,Male,0,Yes,Yes,23,No,No phone service,DSL,No,No,No,Yes,No,No,Month-to-month,Yes,Bank transfer (automatic),45.35,678.75,No
5038-ETMLM,Female,0,Yes,No,72,Yes,Yes,Fiber optic,Yes,Yes,Yes,Yes,Yes,Yes,Two year,Yes,Bank transfer (automatic),128.65,8182.75,No
5663-QBGIS,Male,1,Yes,No,72,Yes,Yes,Fiber optic,No,Yes,No,No,Yes,Yes,Month-to-month,No,Bank transfer (automatic),113.35,6929.4,No
4194-WHFCB,Female,0,Yes,Yes,59,Yes,Yes,Fiber optic,No,Yes,No,Yes,No,Yes,Month-to-month,Yes,Bank transfer (automatic),111.65,5580.8,No
9481-WHGWY,Female,0,Yes,Yes,70,Yes,No,DSL,Yes,No,No,Yes,Yes,Yes,Two year,No,Credit card (automatic),90.35,5437.75,No
5453-YBTWV,Male,0,Yes,Yes,70,Yes,No,Fiber optic,Yes,Yes,Yes,Yes,Yes,No,Month-to-month,Yes,Credit card (automatic),116.1,6994.8,No
2018-PZKMU,Male,0,Yes,Yes,9,Yes,No,Fiber optic,No,No,Yes,Yes,Yes,Yes,Month-to-month,No,Electronic check,118.1,970.45,No
9277-JOOMO,Female,0,No,No,3,Yes,Yes,No,No internet service,No internet service,No internet service,No internet service,No internet service,No internet service,Month-to-month,No,Mailed check,39.6,86.35,No
3629-ZNKXA,Male,1,No,No,17,Yes,No,Fiber optic,No,Yes,Yes,No,Yes,Yes,Month-to-month,Yes,Electronic check,116.8,1752.45,No
0369-ZGOVK,Female,0,Yes,Yes,28,Yes,No,Fiber optic,No,No,No,No,No,No,Month-to-month,Yes,Bank transfer (automatic),85.4,1992.2,No
3604-WLABM,Female,0,No,No,10,Yes,No,DSL,No,No,Yes,Yes,No,No,Month-to-month,No,Electronic check,69.25,583,No
4063-EIKNQ,Male,0,Yes,Yes,11,Yes,No,No,No internet service,No internet service,No internet service,No internet service,No internet service,No internet service,Month-to-month,No,Bank transfer (automatic),35.95,267.35,No
2878-RMWXY,Male,1,Yes,No,72,Yes,Yes,Fiber optic,Yes,Yes,Yes,No,No,Yes,Two year,Yes,Credit card (automatic),117.65,7550.3,No
9540-JYROE,Male,0,No,No,8,Yes,No,Fiber optic,No,No,No,No,No,No,Month-to-month,Yes,Mailed check,85.1,551.35,Yes
7515-LODFU,Male,1,No,No,69,Yes,No,No,No internet service,No internet service,No internet service,No internet service,No internet service,No internet service,Month-to-month,No,Credit card (automatic),35.3,1356.3,No
1839-FBNFR,Female,0,Yes,Yes,39,Yes,No,No,No internet service,No internet service,No internet service,No internet service,No internet service,No internet service,Month-to-month,Yes,Bank transfer (automatic),34.85,854.8,No
5397-NSKQG,Male,0,Yes,Yes,67,No,No phone service,DSL,Yes,No,No,No,Yes,Yes,Month-to-month,No,Credit card (automatic),65.9,3281.65,No
1755-FZQEC,Male,0,No,No,39,Yes,No,No,No internet service,No internet service,No internet service,No internet service,No internet service,No internet service,Month-to-month,No,Mailed check,34.9,791.15,No
2160-GPFXD,Male,0,Yes,Yes,54,Yes,Yes,DSL,Yes,Yes,No,Yes,No,No,Month-to-month,Yes,Credit card (automatic),80.65,3566.7,No
4415-IJZTP,Female,0,No,No,1,Yes,Yes,Fiber optic,No,No,No,No,No,No,Month-to-month,Yes,Electronic check,89.5,74.5,Yes
9880-TDQAC,Female,0,Yes,Yes,72,No,No phone service,DSL,No,Yes,Yes,Yes,Yes,Yes,Month-to-month,Yes,Electronic check,75.0,4264,No
5138-WVKYJ,Male,0,No,No,10,Yes,Yes,Fiber optic,Yes,No,No,No,Yes,Yes,Month-to-month,No,Electronic check,113.55,1008.55,Yes
8844-TONUD,Male,0,Yes,Yes,13,Yes,No,Fiber optic,No,No,Yes,No,Yes,Yes,Month-to-month,Yes,Mailed check,111.65,1162.85,Yes
0080-OROZO,Female,0,No,No,35,Yes,No,Fiber optic,No,No,Yes,Yes,Yes,Yes,Month-to-month,Yes,Electronic check,114.25,3532,No
0953-LGOVU,Male,0,Yes,Yes,12,No,No phone service,DSL,No,Yes,No,Yes,No,No,Month-to-month,No,Mailed check,50.5,432.25,No
5325-UWTWJ,Male,0,Yes,No,31,Yes,Yes,Fiber optic,Yes,Yes,No,Yes,No,No,Month-to-month,Yes,Credit card (automatic),105.55,2929.75,No
1074-AMIOH,Female,0,Yes,Yes,53,Yes,No,Fiber optic,No,Yes,Yes,Yes,Yes,Yes,Month-to-month,Yes,Bank transfer (automatic),123.25,5935.1,No
5906-BFOZT,Male,0,No,No,1,Yes,No,No,No internet service,No internet service,No internet service,No internet service,No internet service,No internet service,Month-to-month,Yes,Mailed check,34.5,19.5,No
7026-YMSBE,Male,0,No,No,30,Yes,No,No,No internet service,No internet service,No internet service,No internet service,No internet service,No internet service,One year,No,Mailed check,34.7,625.05,No
6572-ADKRS,Female,0,No,No,46,Yes,No,Fiber optic,No,No,Yes,No,No,No,Month-to-month,Yes,Credit card (automatic),89.8,3548.3,No
5922-ABDVO,Female,0,Yes,No,19,Yes,Yes,Fiber optic,No,No,Yes,No,No,Yes,Month-to-month,No,Mailed check,104.65,1761.05,Yes
6475-VHUIZ,Female,0,Yes,No,23,Yes,No,DSL,No,No,Yes,Yes,No,No,Month-to-month,No,Electronic check,69.25,1221.55,No
1324-NLTJE,Female,1,No,No,15,Yes,Yes,DSL,No,No,No,Yes,No,No,Month-to-month,No,Credit card (automatic),70.0,757.1,Yes
4361-FEBGN,Male,0,No,No,48,Yes,No,No,No internet service,No internet service,No internet service,No internet service,No internet service,No internet service,Month-to-month,No,Credit card (automatic),35.15,982.95,No
8393-DLHGA,Male,0,No,Yes,25,Yes,No,Fiber optic,No,Yes,No,No,Yes,Yes,Month-to-month,Yes,Electronic check,110.9,2448.75,Yes
6769-DCQLI,Male,0,No,No,52,Yes,No,Fiber optic,No,Yes,Yes,Yes,Yes,Yes,One year,Yes,Bank transfer (automatic),120.0,5426.85,Yes
3018-TFTSU,Male,0,No,No,12,Yes,No,Fiber optic,Yes,No,Yes,No,No,No,Month-to-month,No,Bank transfer (automatic),96.7,858.6,Yes
2324-AALNO,Female,0,No,No,48,Yes,Yes,No,No internet service,No internet service,No internet service,No internet service,No internet service,No internet service,Month-to-month,No,Bank transfer (automatic),39.55,1203.95,No
2300-RQGOI,Female,0,No,No,38,Yes,No,No,No internet service,No internet service,No internet service,No internet service,No internet service,No internet service,Month-to-month,No,Mailed check,35.05,741.5,No
6133-OZILE,Female,0,No,No,18,No,No phone service,DSL,No,No,Yes,Yes,No,No,Month-to-month,Yes,Electronic check,50.2,607.3,No
7605-SNLQG,Female,0,Yes,No,45,Yes,No,DSL,No,No,Yes,No,No,No,Month-to-month,Yes,Credit card (automatic),65.25,2221.55,No
5348-CAGXB,Male,0,No,No,12,Yes,Yes,Fiber optic,No,No,Yes,No,Yes,No,Month-to-month,Yes,Electronic check,104.55,1021.75,No
0201-MIBOL,Female,1,No,No,66,Yes,Yes,Fiber optic,Yes,No,No,No,Yes,Yes,Month-to-month,Yes,Bank transfer (automatic),117.4,6471.85,No
7083-MIOPC,Female,0,No,No,72,Yes,No,No,No internet service,No internet service,No internet service,No internet service,No internet service,No internet service,Month-to-month,No,Credit card (automatic),35.25,1566.9,No
0562-KBDVM,Female,0,No,No,70,No,No phone service,DSL,Yes,Yes,Yes,Yes,No,No,Month-to-month,Yes,Bank transfer (automatic),59.6,3058.15,No
1173-NOEYG,Female,0,Yes,No,27,Yes,Yes,Fiber optic,No,No,Yes,No,No,Yes,Month-to-month,No,Bank transfer (automatic),105.15,2423.4,No
7698-YFGEZ,Male,0,No,No,1,Yes,No,No,No internet service,No internet service,No internet service,No internet service,No internet service,No internet service,Month-to-month,No,Mailed check,35.0,20,No
9061-TIHDA,Male,1,Yes,No,13,Yes,Yes,Fiber optic,No,No,No,No,Yes,Yes,Month-to-month,Yes,Electronic check,110.25,1233.65,Yes
0016-QLJIS,Female,0,Yes,Yes,65,Yes,Yes,DSL,Yes,Yes,Yes,Yes,Yes,Yes,Two year,Yes,Mailed check,105.45,5957.9,No
7296-PIXQY,Female,0,Yes,Yes,14,Yes,No,Fiber optic,No,No,No,No,No,No,Month-to-month,No,Electronic check,85.2,1046.5,No
9102-IAYHT,Female,0,Yes,Yes,17,Yes,Yes,Fiber optic,No,No,No,No,No,Yes,Month-to-month,Yes,Electronic check,100.45,1451.6,Yes
6447-EGDIV,Female,0,No,No,31,Yes,No,No,No internet service,No internet service,No internet service,No internet service,No internet service,No internet service,Month-to-month,No,Mailed check,35.95,683.25,No
3460-TJBWI,Male,0,Yes,Yes,24,Yes,Yes,No,No internet service,No internet service,No internet service,No internet service,No internet service,No internet service,Two year,No,Mailed check,39.2,609.05,No
3744-ZBHON,Female,0,No,No,3,Yes,No,No,No internet service,No internet service,No internet service,No internet service,No internet service,No internet service,Month-to-month,No,Electronic check,35.2,65.95,No
1092-GANHU,Male,0,No,No,17,Yes,No,Fiber optic,No,No,Yes,No,No,No,Month-to-month,Yes,Electronic check,91.65,1313.55,Yes
3948-KXDUF,Male,0,No,No,66,Yes,Yes,DSL,Yes,Yes,Yes,Yes,No,No,Month-to-month,No,Bank transfer (automatic),83.75,4447.55,No
7284-ZZLOH,Male,0,Yes,No,45,Yes,No,DSL,Yes,No,Yes,No,No,No,Month-to-month,No,Credit card (automatic),68.3,2296.25,No
6745-JEFZB,Male,0,Yes,No,35,Yes,Yes,Fiber optic,No,No,No,Yes,Yes,No,Month-to-month,Yes,Credit card (automatic),106.5,3236.35,No
2606-PKWJB,Male,0,No,Yes,40,No,No phone service,DSL,Yes,Yes,No,Yes,No,No,One year,No,Mailed check,55.25,1564.05,No
1624-WOIWJ,Female,0,No,No,10,Yes,No,Fiber optic,Yes,No,No,No,Yes,No,Month-to-month,Yes,Mailed check,99.7,832.05,Yes
8777-PVYGU,Female,0,Yes,No,52,Yes,No,DSL,Yes,No,Yes,No,Yes,No,Month-to-month,Yes,Mailed check,79.3,3410.6,No
4770-QAZXN,Female,0,No,No,13,Yes,No,No,No internet service,No internet service,No internet service,No internet service,No internet service,No internet service,Month-to-month,No,Credit card (automatic),34.45,232.1,No
8012-SOUDQ,Female,1,No,No,43,Yes,Yes,Fiber optic,No,Yes,No,No,Yes,No,Month-to-month,Yes,Electronic check,105.25,3838.75,No
5546-BYZSM,Female,0,No,No,41,Yes,No,No,No internet service,No internet service,No internet service,No internet service,No internet service,No internet service,Month-to-month,No,Electronic check,35.45,775.6,No
0523-VNGTF,Female,1,No,No,52,No,No phone service,DSL,No,Yes,Yes,Yes,Yes,No,Month-to-month,Yes,Electronic check,65.5,2566.3,No
3779-OSWCF,Female,0,Yes,No,71,Yes,Yes,DSL,Yes,Yes,Yes,Yes,Yes,Yes,Two year,No,Credit card (automatic),108.2,6506.15,No
8535-SFUTN,Male,0,No,No,61,Yes,Yes,Fiber optic,Yes,No,Yes,No,Yes,Yes,Month-to-month,Yes,Electronic check,121.45,6300.15,No
2320-SLKMB,Female,0,No,No,26,No,No phone service,DSL,No,No,Yes,Yes,Yes,No,Month-to-month,Yes,Credit card (automatic),59.45,1183.8,No
7169-YWAMK,Male,0,Yes,Yes,72,Yes,No,DSL,Yes,Yes,No,Yes,Yes,No,Month-to-month,No,Bank transfer (automatic),83.4,4855.35,No
8434-PNQZX,Female,0,No,No,42,Yes,Yes,DSL,No,No,Yes,Yes,Yes,Yes,Month-to-month,Yes,Credit card (automatic),93.45,3373.4,No
4981-FLTMF,Female,0,Yes,Yes,57,Yes,Yes,DSL,Yes,Yes,No,Yes,No,No,Month-to-month,No,Bank transfer (automatic),80.2,3687.85,No
9424-CMPOG,Male,0,Yes,Yes,9,Yes,No,No,No internet service,No internet service,No internet service,No internet service,No internet service,No internet service,Month-to-month,No,Mailed check,34.6,197.4,No
3627-FCRDW,Female,0,No,No,9,Yes,No,Fiber optic,No,No,No,No,No,No,Month-to-month,No,Electronic check,86.0,672.55,Yes
1518-OMDIK,Male,0,Yes,No,33,Yes,No,DSL,No,No,No,No,No,No,Month-to-month,Yes,Credit card (automatic),59.55,1462.6,No
8393-JMVMB,Male,0,No,No,1,Yes,No,No,No internet service,No internet service,No internet service,No internet service,No internet service,No internet service,Month-to-month,No,Mailed check,34.45,19.45,No
7638-QVMVY,Female,0,No,No,7,Yes,No,Fiber optic,No,No,No,No,Yes,No,Month-to-month,Yes,Electronic check,94.0,522.95,Yes
6140-QNRQQ,Male,0,No,No,1,Yes,No,Fiber optic,No,No,No,No,No,No,Month-to-month,Yes,Mailed check,86.55,71.55,Yes
7969-FFOWG,Male,0,Yes,Yes,65,Yes,No,No,No internet service,No internet service,No internet service,No internet service,No internet service,No internet service,Month-to-month,No,Mailed check,34.9,1292.6,No
1342-JPNKI,Male,0,No,No,10,Yes,Yes,Fiber optic,No,No,No,No,Yes,No,Month-to-month,Yes,Bank transfer (automatic),101.05,834.1,Yes
7080-TNUWP,Male,0,Yes,No,70,Yes,Yes,Fiber optic,No,Yes,Yes,No,Yes,No,Month-to-month,Yes,Bank transfer (automatic),110.0,6602.9,No
8949-JTMAY,Female,0,No,No,29,Yes,Yes,Fiber optic,No,No,Yes,No,Yes,Yes,Month-to-month,Yes,Credit card (automatic),113.6,2933.2,Yes
0654-HMSHN,Male,0,Yes,Yes,21,Yes,Yes,Fiber optic,No,Yes,Yes,No,Yes,Yes,Month-to-month,No,Electronic check,119.4,2157.95,Yes
2725-KXXWT,Male,0,Yes,No,1,Yes,No,Fiber optic,No,No,No,No,Yes,Yes,Month-to-month,Yes,Electronic check,105.75,90.75,Yes
2439-QKJUL,Male,0,No,No,5,Yes,No,No,No internet service,No internet service,No internet service,No internet service,No internet service,No internet service,Month-to-month,No,Mailed check,35.25,109.8,No
1935-IMVBB,Male,0,Yes,No,56,Yes,No,Fiber optic,No,No,No,No,Yes,Yes,Month-to-month,No,Mailed check,104.7,4952.95,No
4628-WQCQQ,Male,0,No,Yes,35,Yes,No,Fiber optic,No,No,Yes,No,Yes,No,One year,Yes,Electronic check,100.15,3030.6,Yes
3724-BSCVH,Male,0,Yes,Yes,10,Yes,No,No,No internet service,No internet service,No internet service,No internet service,No internet service,No internet service,Month-to-month,No,Mailed check,35.45,242.4,No
7605-BDWDC,Female,0,No,No,31,No,No phone service,DSL,Yes,Yes,No,Yes,No,Yes,Two year,Yes,Bank transfer (automatic),64.85,1520.1,No
7137-RYLPP,Male,1,Yes,No,37,Yes,Yes,Fiber optic,No,No,No,No,Yes,No,Month-to-month,Yes,Electronic check,100.7,3171.15,Yes
3207-OYBWH,Male,1,Yes,No,57,Yes,Yes,Fiber optic,No,Yes,Yes,No,No,Yes,Month-to-month,Yes,Bank transfer (automatic),110.25,5427.05,Yes
4707-YNOQA,Female,0,Yes,Yes,34,Yes,Yes,No,No internet service,No internet service,No internet service,No internet service,No internet service,No internet service,Month-to-month,Yes,Credit card (automatic),40.6,917.15,No
6956-SMUCM,Female,0,No,No,3,Yes,No,Fiber optic,Yes,No,Yes,No,Yes,Yes,Month-to-month,Yes,Credit card (automatic),114.0,287.4,Yes
8714-CTZJW,Female,0,No,No,4,Yes,No,Fiber optic,No,No,Yes,No,No,Yes,Month-to-month,Yes,Credit card (automatic),97.85,319.6,No
3662-FXJFO,Female,0,No,No,54,Yes,No,No,No internet service,No internet service,No internet service,No internet service,No internet service,No internet service,Month-to-month,Yes,Mailed check,35.5,1035.7,No
7623-HKYRK,Male,0,No,Yes,6,Yes,No,No,No internet service,No internet service,No internet service,No internet service,No internet service,No internet service,Month-to-month,No,Mailed check,34.7,111.65,No
1353-GHZOS,Male,0,Yes,No,22,Yes,No,DSL,Yes,No,No,No,Yes,No,Month-to-month,Yes,Bank transfer (automatic),74.75,1374.35,No
3323-CPBWR,Male,0,No,No,23,Yes,Yes,Fiber optic,No,No,Yes,Yes,Yes,No,Month-to-month,Yes,Credit card (automatic),111.9,2085.45,No
6152-ONASV,Female,0,Yes,No,68,Yes,Yes,DSL,Yes,No,No,Yes,No,No,Month-to-month,No,Bank transfer (automatic),73.25,3975.7,No
9251-AWQGT,Female,0,Yes,Yes,48,Yes,No,No,No internet service,No internet service,No internet service,No internet service,No internet service,No internet service,Month-to-month,No,Mailed check,35.0,935.9,No
4803-LBYPN,Male,0,Yes,Yes,34,Yes,No,No,No internet service,No internet service,No internet service,No internet service,No internet service,No internet service,Month-to-month,No,Mailed check,35.8,635.9,No
8879-ZKJOF,Female,0,No,No,41,Yes,No,DSL,Yes,No,Yes,Yes,Yes,Yes,One year,Yes,Bank transfer (automatic),94.85,3320.75,No
7354-OIJLX,Male,0,No,No,9,Yes,Yes,Fiber optic,No,No,No,No,No,No,Month-to-month,Yes,Electronic check,90.85,724.65,No
9129-UXERG,Female,1,No,No,18,Yes,Yes,Fiber optic,No,Yes,No,Yes,Yes,Yes,Month-to-month,Yes,Credit card (automatic),118.6,1806.35,No
5302-BDJNT,Male,0,No,No,35,Yes,Yes,Fiber optic,No,No,Yes,Yes,Yes,No,Month-to-month,No,Electronic check,110.5,3418.2,No
7148-XZPHA,Male,0,Yes,Yes,55,Yes,No,Fiber optic,No,Yes,No,Yes,No,No,Month-to-month,No,Electronic check,94.4,4238.45,No
2651-ZCBXV,Male,0,No,No,54,Yes,Yes,Fiber optic,Yes,Yes,No,Yes,Yes,Yes,Month-to-month,Yes,Credit card (automatic),123.0,5760.65,No
1304-NECVQ,Female,1,No,No,2,Yes,Yes,Fiber optic,No,No,Yes,No,No,No,Month-to-month,Yes,Electronic check,93.55,149.55,Yes
3374-TTZTK,Male,0,Yes,No,52,Yes,No,Fiber optic,Yes,Yes,Yes,Yes,Yes,Yes,Two year,Yes,Electronic check,121.3,5487,No
0229-LFJAF,Male,0,No,No,72,Yes,Yes,DSL,Yes,Yes,Yes,Yes,No,No,Two year,No,Bank transfer (automatic),84.65,4908.25,No
1304-BCCFO,Male,0,Yes,No,9,Yes,No,DSL,No,No,Yes,No,Yes,Yes,Month-to-month,Yes,Mailed check,85.05,564.4,No
0455-XFASS,Female,0,Yes,Yes,3,Yes,No,Fiber optic,No,No,No,No,No,No,Month-to-month,Yes,Electronic check,84.55,200.2,No
0221-WMXNQ,Male,1,No,No,4,Yes,No,Fiber optic,Yes,No,No,No,No,No,Month-to-month,No,Electronic check,90.35,273.4,No
2882-WDTBA,Male,0,Yes,Yes,69,Yes,No,DSL,Yes,Yes,Yes,Yes,Yes,No,Month-to-month,Yes,Bank transfer (automatic),90.75,5388.15,No
8069-RHUXK,Female,0,Yes,Yes,67,No,No phone service,DSL,Yes,No,No,Yes,No,No,Month-to-month,No,Credit card (automatic),50.7,2545.7,No
4806-KEXQR,Male,0,No,No,4,Yes,No,Fiber optic,No,No,No,No,No,Yes,Month-to-month,Yes,Electronic check,94.9,324.3,Yes
2817-NTQDO,Male,0,No,No,13,No,No phone service,DSL,Yes,No,No,Yes,Yes,No,Month-to-month,Yes,Credit card (automatic),60.55,597,Yes
3230-IUALN,Female,0,Yes,Yes,45,Yes,No,DSL,Yes,No,Yes,Yes,Yes,Yes,Two year,Yes,Mailed check,96.0,3533.6,No
6500-JVEGC,Male,0,No,No,68,Yes,Yes,Fiber optic,Yes,Yes,Yes,No,Yes,No,Month-to-month,No,Bank transfer (automatic),116.35,7110.75,No
7103-ZGVNT,Female,0,Yes,Yes,69,Yes,Yes,DSL,Yes,Yes,No,Yes,Yes,No,One year,No,Credit card (automatic),88.7,4885.85,No
1837-YQUCE,Female,0,No,No,70,No,No phone service,DSL,Yes,No,Yes,Yes,Yes,Yes,Month-to-month,Yes,Bank transfer (automatic),73.35,4214.25,No
4800-VHZKI,Female,0,No,No,1,Yes,No,No,No internet service,No internet service,No internet service,No internet service,No internet service,No internet service,Month-to-month,Yes,Mailed check,34.9,19.9,Yes
3887-PBQAO,Female,0,Yes,Yes,45,Yes,Yes,No,No internet service,No internet service,No internet service,No internet service,No internet service,No internet service,Month-to-month,Yes,Credit card (automatic),40.9,1216.6,No
5177-RVZNU,Female,0,No,Yes,37,Yes,No,No,No internet service,No internet service,No internet service,No internet service,No internet service,No internet service,One year,No,Bank transfer (automatic),35.3,755.4,No
1729-VLAZJ,Female,0,No,Yes,10,No,No phone service,DSL,Yes,Yes,No,Yes,No,No,Month-to-month,No,Mailed check,55.25,411.45,No
4273-MBHYA,Female,0,No,Yes,1,Yes,No,Fiber optic,No,No,No,No,Yes,Yes,Month-to-month,Yes,Electronic check,104.35,89.35,No
8690-UPCZI,Male,0,Yes,Yes,29,Yes,Yes,DSL,Yes,No,No,Yes,Yes,No,Month-to-month,No,Bank transfer (automatic),84.05,1958.45,No
6374-NTQLP,Male,1,Yes,Yes,72,Yes,No,Fiber optic,Yes,No,Yes,Yes,Yes,Yes,Two year,Yes,Credit card (automatic),119.1,7447.7,No
1618-CFHME,Female,0,No,No,2,Yes,Yes,Fiber optic,No,No,No,No,No,No,Month-to-month,Yes,Electronic check,90.9,143.35,Yes
4104-PVRPS,Male,0,Yes,No,24,Yes,No,DSL,Yes,No,No,Yes,No,No,Month-to-month,No,Mailed check,68.6,1315.35,No
4210-QFJMF,Female,0,No,No,4,Yes,No,Fiber optic,No,No,No,No,No,Yes,Month-to-month,Yes,Electronic check,94.15,317.25,Yes
5787-KXGIY,Male,0,Yes,No,72,Yes,No,No,No internet service,No internet service,No internet service,No internet service,No internet service,No internet service,Two year,No,Credit card (automatic),34.3,1304.8,No
3088-LHEFH,Female,0,No,No,11,Yes,Yes,Fiber optic,Yes,No,No,No,No,No,Month-to-month,Yes,Bank transfer (automatic),94.0,929.3,No
8896-RAZCR,Female,0,No,Yes,44,Yes,No,No,No internet service,No internet service,No internet service,No internet service,No internet service,No internet service,Month-to-month,No,Mailed check,34.9,868.1,No
7268-WNTCP,Male,0,Yes,Yes,62,Yes,No,No,No internet service,No internet service,No internet service,No internet service,No internet service,No internet service,Two year,No,Bank transfer (automatic),35.45,1297.35,No
5854-KSRBJ,Male,0,Yes,Yes,70,Yes,Yes,No,No internet service,No internet service,No internet service,No internet service,No internet service,No internet service,Month-to-month,No,Mailed check,40.4,1782.05,No
9907-SWKKF,Female,1,No,No,1,No,No phone service,DSL,No,No,No,No,No,No,Month-to-month,No,Mailed check,40.05,25.05,Yes
3932-CMDTD,Female,0,No,No,4,Yes,No,Fiber optic,No,Yes,Yes,Yes,Yes,Yes,Month-to-month,Yes,Electronic check,120.65,443.9,Yes
5277-ZLOOR,Female,1,No,No,2,Yes,Yes,Fiber optic,No,No,No,No,Yes,No,Month-to-month,Yes,Electronic check,100.55,187.45,Yes
2746-DIJLO,Female,0,No,No,41,Yes,Yes,DSL,No,Yes,No,No,No,No,Month-to-month,Yes,Credit card (automatic),71.3,2364,No
9174-FKWZE,Female,1,No,No,1,Yes,No,No,No internet service,No internet service,No internet service,No internet service,No internet service,No internet service,Month-to-month,Yes,Electronic check,34.45,19.45,Yes
9919-FZDED,Male,1,Yes,No,72,Yes,Yes,DSL,Yes,Yes,Yes,No,Yes,Yes,Month-to-month,Yes,Credit card (automatic),99.1,5981.65,No
9488-FYQAU,Female,0,Yes,No,63,Yes,Yes,Fiber optic,No,Yes,Yes,Yes,Yes,Yes,Month-to-month,Yes,Bank transfer (automatic),124.25,6841.4,No
6869-FGJJC,Male,0,No,No,68,Yes,No,Fiber optic,No,Yes,Yes,No,No,No,One year,No,Credit card (automatic),94.6,5461.45,No
3349-ANQNH,Female,1,No,No,59,Yes,Yes,Fiber optic,No,No,Yes,No,Yes,Yes,Month-to-month,Yes,Electronic check,114.5,5890,No
0222-CNVPT,Male,1,No,No,52,No,No phone service,DSL,Yes,No,No,No,Yes,Yes,Month-to-month,Yes,Credit card (automatic),63.8,2555.05,No
6900-PXRMS,Male,1,Yes,Yes,26,Yes,Yes,Fiber optic,No,Yes,Yes,No,Yes,Yes,Month-to-month,No,Electronic check,120.75,2710.25,Yes
0230-WEQUW,Male,0,Yes,No,66,No,No phone service,DSL,Yes,Yes,Yes,Yes,Yes,No,Two year,Yes,Bank transfer (automatic),71.6,3789.2,No
7629-WFGLW,Female,1,Yes,No,56,Yes,Yes,Fiber optic,Yes,Yes,Yes,Yes,No,No,Month-to-month,No,Electronic check,110.65,5471.75,No
2235-EZAIK,Female,0,Yes,No,72,Yes,Yes,DSL,Yes,Yes,Yes,Yes,Yes,No,Month-to-month,No,Credit card (automatic),94.2,5401.9,No
5119-NZPTV,Male,1,Yes,No,2,Yes,No,Fiber optic,No,No,No,No,No,No,Month-to-month,No,Electronic check,85.1,141.65,No
4282-MSACW,Male,0,No,No,68,Yes,Yes,Fiber optic,Yes,Yes,Yes,Yes,Yes,Yes,One year,Yes,Credit card (automatic),132.2,8035.95,No
7711-YIJWC,Male,0,Yes,Yes,61,Yes,No,DSL,Yes,Yes,Yes,Yes,Yes,Yes,Month-to-month,No,Bank transfer (automatic),99.9,5264.5,No
8749-CLJXC,Male,0,No,No,1,Yes,No,No,No internet service,No internet service,No internet service,No internet service,No internet service,No internet service,Month-to-month,No,Mailed check,35.05,20.05,No
7636-XUHWW,Male,0,No,No,2,Yes,No,No,No internet service,No internet service,No internet service,No internet service,No internet service,No internet service,Month-to-month,Yes,Credit card (automatic),34.9,33.7,No
0883-EIBTI,Female,0,No,No,2,Yes,No,No,No internet service,No internet service,No internet service,No internet service,No internet service,No internet service,Month-to-month,No,Mailed check,34.5,31.55,Yes
4098-NAUKP,Male,1,Yes,Yes,68,Yes,Yes,Fiber optic,No,Yes,Yes,No,No,No,Month-to-month,Yes,Electronic check,99.65,5683.6,No
0701-TJSEF,Male,0,No,No,9,Yes,No,DSL,Yes,No,Yes,Yes,No,Yes,Month-to-month,Yes,Bank transfer (automatic),83.25,576.95,No
0689-NKYLF,Male,0,No,No,13,Yes,No,Fiber optic,No,No,Yes,No,Yes,No,Month-to-month,Yes,Electronic check,98.2,1060.6,Yes
9867-NNXLC,Female,0,No,No,22,Yes,No,No,No internet service,No internet service,No internet service,No internet service,No internet service,No internet service,Month-to-month,Yes,Mailed check,35.05,470.2,No
9337-SRRNI,Male,0,No,Yes,66,Yes,Yes,No,No internet service,No internet service,No internet service,No internet service,No internet service,No internet service,Month-to-month,Yes,Credit card (automatic),40.3,1673.8,No
1850-AKQEP,Male,0,No,Yes,8,Yes,No,No,No internet service,No internet service,No internet service,No internet service,No internet service,No internet service,Month-to-month,No,Mailed check,35.35,178.7,No
5600-KTXFM,Male,0,Yes,Yes,2,Yes,No,Fiber optic,No,No,No,No,No,No,Month-to-month,No,Mailed check,84.95,143.9,No
7055-HNEOJ,Male,0,Yes,No,3,Yes,No,DSL,No,No,Yes,Yes,No,No,Month-to-month,Yes,Mailed check,70.8,154.55,No
2462-XIIJB,Male,0,No,No,5,Yes,Yes,Fiber optic,No,No,Yes,No,Yes,No,Month-to-month,Yes,Electronic check,107.5,452.7,Yes
7277-KAMWT,Male,0,No,No,13,Yes,No,No,No internet service,No internet service,No internet service,No internet service,No internet service,No internet service,Two year,No,Credit card (automatic),35.0,268.45,No
7691-KGKGP,Male,0,Yes,Yes,53,Yes,No,DSL,No,Yes,No,Yes,Yes,No,Month-to-month,No,Credit card (automatic),80.0,3363.8,No
7808-DVWEP,Male,0,Yes,No,3,Yes,No,No,No internet service,No internet service,No internet service,No internet service,No internet service,No internet service,Month-to-month,No,Bank transfer (automatic),35.0,49.65,No
2379-GYFLQ,Male,0,No,No,46,Yes,Yes,Fiber optic,No,Yes,Yes,No,Yes,No,One year,Yes,Credit card (automatic),109.9,4422.95,No
7325-ENZFI,Female,0,No,No,39,No,No phone service,DSL,Yes,Yes,No,Yes,No,No,Month-to-month,Yes,Bank transfer (automatic),55.3,1630.4,No
8800-ZKRFW,Female,0,Yes,Yes,30,Yes,Yes,Fiber optic,No,Yes,Yes,Yes,Yes,Yes,Month-to-month,Yes,Electronic check,122.5,3242.5,No
9133-AYJZG,Female,0,No,No,23,Yes,Yes,Fiber optic,No,Yes,No,No,Yes,Yes,Month-to-month,Yes,Credit card (automatic),113.7,2249.1,No
6772-WFQRD,Male,0,No,Yes,40,Yes,No,No,No internet service,No internet service,No internet service,No internet service,No internet service,No internet service,Month-to-month,Yes,Bank transfer (automatic),35.4,854.9,No
9670-BPNXF,Female,0,No,No,45,Yes,No,DSL,Yes,Yes,No,Yes,No,No,One year,Yes,Credit card (automatic),77.55,2796.45,No
2675-IJRGJ,Male,0,No,No,53,Yes,No,No,No internet service,No internet service,No internet service,No internet service,No internet service,No internet service,Month-to-month,No,Bank transfer (automatic),34.65,978,No
4829-ZLJTK,Female,1,Yes,No,72,Yes,Yes,Fiber optic,Yes,Yes,Yes,No,Yes,Yes,Two year,Yes,Electronic check,127.4,8046.85,No
9950-MTGYX,Male,0,Yes,Yes,28,Yes,No,No,No internet service,No internet service,No internet service,No internet service,No internet service,No internet service,Month-to-month,Yes,Credit card (automatic),35.3,487.95,No
9755-JHNMN,Female,0,No,No,49,Yes,No,DSL,Yes,Yes,Yes,Yes,No,No,Month-to-month,No,Bank transfer (automatic),82.4,3306.85,No
3746-EUBYR,Male,0,Yes,No,1,Yes,Yes,Fiber optic,No,No,No,No,No,No,Month-to-month,Yes,Bank transfer (automatic),89.6,74.6,Yes
7929-DMBCV,Female,0,Yes,No,20,Yes,No,Fiber optic,No,No,Yes,Yes,No,No,Month-to-month,Yes,Mailed check,96.0,1683.7,No
9640-ZSLDC,Female,0,Yes,Yes,53,Yes,No,DSL,No,No,Yes,No,No,Yes,Month-to-month,No,Credit card (automatic),75.6,3297,No
7197-VOJMM,Male,0,Yes,No,67,Yes,No,DSL,Yes,Yes,No,Yes,No,Yes,Month-to-month,Yes,Credit card (automatic),84.2,4671.65,No
2696-NARTR,Male,0,No,No,11,Yes,No,Fiber optic,No,No,No,Yes,No,No,Month-to-month,Yes,Electronic check,88.85,926.25,Yes
0689-DSXGL,Female,0,Yes,Yes,52,Yes,No,Fiber optic,No,Yes,Yes,Yes,No,No,Month-to-month,No,Bank transfer (automatic),100.8,4433.3,No
7294-TMAOP,Female,0,No,No,1,Yes,No,Fiber optic,No,No,No,No,Yes,Yes,Month-to-month,No,Electronic check,105.55,90.55,Yes
6177-PEVRA,Female,0,No,No,48,Yes,No,DSL,Yes,Yes,No,No,No,No,Two year,No,Credit card (automatic),70.5,2627.35,No
7410-YTJIK,Female,0,No,No,7,Yes,Yes,Fiber optic,No,No,No,No,No,No,Month-to-month,No,Mailed check,90.45,480.75,Yes
1410-RSCMR,Male,0,Yes,Yes,7,Yes,No,DSL,Yes,No,Yes,Yes,No,Yes,Month-to-month,Yes,Credit card (automatic),86.35,515.75,No
8800-JOOCF,Female,0,No,Yes,12,Yes,Yes,Fiber optic,No,No,No,No,Yes,No,Month-to-month,Yes,Electronic check,99.05,966.55,No
4526-EXKKN,Male,0,No,No,40,Yes,Yes,No,No internet service,No internet service,No internet service,No internet service,No internet service,No internet service,Month-to-month,Yes,Mailed check,39.6,973.95,No
0813-TAXXS,Male,0,No,No,55,Yes,Yes,DSL,No,No,Yes,No,Yes,Yes,Two year,Yes,Bank transfer (automatic),92.8,4323.35,No
2320-TZRRH,Female,0,No,No,20,Yes,No,No,No internet service,No internet service,No internet service,No internet service,No internet service,No internet service,One year,No,Mailed check,34.5,403.15,No
0841-NULXI,Male,0,No,No,1,No,No phone service,DSL,No,No,No,No,No,Yes,Month-to-month,Yes,Electronic check,50.55,35.55,Yes
2725-TTRIQ,Female,0,Yes,Yes,72,Yes,Yes,DSL,Yes,No,Yes,Yes,Yes,Yes,Month-to-month,Yes,Bank transfer (automatic),99.2,5986.55,No
4778-IZARL,Male,0,Yes,No,63,Yes,No,Fiber optic,Yes,Yes,Yes,Yes,Yes,Yes,Month-to-month,Yes,Credit card (automatic),125.1,6705.7,No
2535-PBCGC,Female,0,Yes,No,70,No,No phone service,DSL,Yes,Yes,Yes,Yes,Yes,Yes,Two year,No,Bank transfer (automatic),79.55,4504.9,No
3629-WEAAM,Female,0,No,No,8,Yes,No,DSL,No,No,Yes,Yes,No,Yes,Month-to-month,No,Mailed check,79.1,504.05,No
6128-CZOMY,Female,0,No,No,1,Yes,No,DSL,No,No,No,No,No,No,Month-to-month,Yes,Electronic check,60.65,45.65,Yes
9227-UAQFT,Male,0,No,No,16,Yes,No,No,No internet service,No internet service,No internet service,No internet service,No internet service,No internet service,Month-to-month,No,Mailed check,34.75,284.35,No
0804-XBFBV,Female,0,No,Yes,11,No,No phone service,DSL,No,No,No,No,No,No,Month-to-month,No,Electronic check,40.2,321.05,No
4503-BDXBD,Male,0,No,No,11,Yes,No,Fiber optic,No,Yes,No,No,No,No,Month-to-month,No,Electronic check,89.95,815.5,Yes
9626-VFRGG,Female,0,No,Yes,41,Yes,Yes,Fiber optic,No,Yes,No,No,Yes,No,Month-to-month,Yes,Bank transfer (automatic),103.5,3645.05,No
4994-OBRSZ,Male,0,No,Yes,14,Yes,No,DSL,Yes,Yes,Yes,Yes,No,Yes,Month-to-month,No,Bank transfer (automatic),91.1,1054.8,No
3654-ARMGP,Female,0,No,No,61,Yes,Yes,DSL,No,Yes,Yes,Yes,Yes,Yes,Month-to-month,No,Credit card (automatic),103.65,5321.25,No
0829-XXPLX,Female,0,No,No,20,Yes,No,Fiber optic,Yes,No,Yes,No,Yes,No,Month-to-month,Yes,Bank transfer (automatic),104.4,1871.15,No
8938-UMKPI,Female,0,No,No,47,Yes,Yes,Fiber optic,No,Yes,Yes,No,Yes,Yes,Month-to-month,Yes,Electronic check,121.4,5127.95,Yes
4854-SSLTN,Male,0,Yes,Yes,2,Yes,No,DSL,Yes,Yes,No,Yes,No,No,Two year,No,Mailed check,74.5,130.5,No
9720-JJJOR,Male,0,Yes,Yes,41,Yes,No,DSL,Yes,Yes,Yes,No,No,No,Month-to-month,Yes,Bank transfer (automatic),75.3,2511.3,No
1926-QUZNN,Female,0,Yes,No,72,Yes,Yes,No,No internet service,No internet service,No internet service,No internet service,No internet service,No internet service,Month-to-month,Yes,Bank transfer (automatic),40.25,1841.2,No
4900-MSOMT,Female,0,Yes,Yes,72,Yes,Yes,DSL,Yes,Yes,Yes,Yes,Yes,No,Month-to-month,No,Bank transfer (automatic),95.2,5714.2,No
8910-ICHIU,Female,0,No,No,46,Yes,No,Fiber optic,Yes,Yes,Yes,No,Yes,No,Month-to-month,Yes,Credit card (automatic),110.65,4664.2,No
4892-VLANZ,Male,0,No,No,1,Yes,No,No,No internet service,No internet service,No internet service,No internet service,No internet service,No internet service,Month-to-month,No,Mailed check,34.8,19.8,Yes
0076-LVEPS,Male,0,No,Yes,29,No,No phone service,DSL,Yes,Yes,Yes,Yes,No,No,Month-to-month,Yes,Mailed check,60.0,1242.45,No
1666-JXLKU,Female,0,No,No,37,Yes,Yes,Fiber optic,No,No,Yes,No,Yes,Yes,Month-to-month,Yes,Electronic check,115.05,3810.55,No
4003-FUSHP,Male,0,No,No,19,Yes,No,DSL,No,No,No,Yes,Yes,No,Month-to-month,Yes,Credit card (automatic),76.55,1093.2,No
7696-AMHOD,Female,0,Yes,Yes,49,Yes,No,DSL,No,Yes,Yes,No,Yes,Yes,Month-to-month,No,Credit card (automatic),93.0,3824.2,No
8082-GHXOP,Male,0,No,Yes,13,Yes,No,DSL,No,No,No,No,No,No,Month-to-month,No,Mailed check,59.0,659.35,No
5445-GLVOT,Female,0,No,No,22,Yes,No,DSL,Yes,No,No,No,No,No,Month-to-month,Yes,Electronic check,64.8,1049.05,No
5195-KPUNQ,Female,1,No,No,53,Yes,No,Fiber optic,Yes,Yes,No,Yes,No,Yes,Month-to-month,Yes,Mailed check,111.75,5206.55,No
3948-XHGNA,Male,0,No,No,24,Yes,No,DSL,Yes,No,No,No,No,No,Month-to-month,Yes,Bank transfer (automatic),64.55,1210.4,Yes
9624-EGDEQ,Female,0,No,No,37,Yes,No,No,No internet service,No internet service,No internet service,No internet service,No internet service,No internet service,Month-to-month,No,Mailed check,34.8,813.3,No
7551-DACSP,Male,0,Yes,Yes,6,Yes,No,DSL,No,Yes,Yes,No,No,No,Month-to-month,Yes,Mailed check,70.3,324.25,Yes
8128-YVJRG,Female,0,No,No,7,Yes,Yes,Fiber optic,Yes,No,No,No,No,No,Month-to-month,Yes,Mailed check,94.65,604.7,Yes
1038-ZAGBI,Female,0,Yes,Yes,12,Yes,No,No,No internet service,No internet service,No internet service,No internet service,No internet service,No internet service,Month-to-month,No,Bank transfer (automatic),34.8,229.6,Yes
9153-BTBVV,Female,0,Yes,No,71,Yes,Yes,No,No internet service,No internet service,No internet service,No internet service,No internet service,No internet service,Month-to-month,No,Bank transfer (automatic),40.0,1753,No
9470-RTWDV,Male,0,Yes,Yes,26,Yes,Yes,DSL,No,No,Yes,Yes,Yes,Yes,Month-to-month,Yes,Credit card (automatic),97.0,2083.1,No
7554-AKDQF,Female,0,Yes,No,6,Yes,No,DSL,No,No,No,No,No,No,Month-to-month,No,Mailed check,60.65,323.45,No
7241-AJHFS,Male,0,No,No,32,Yes,Yes,Fiber optic,Yes,No,No,Yes,No,No,Month-to-month,No,Bank transfer (automatic),102.65,2766.4,No
9633-DENPU,Female,0,Yes,No,47,Yes,No,DSL,No,Yes,No,No,Yes,No,Month-to-month,Yes,Bank transfer (automatic),73.6,2723.4,No
5480-XTFFL,Female,0,Yes,Yes,31,Yes,No,No,No internet service,No internet service,No internet service,No internet service,No internet service,No internet service,Two year,No,Mailed check,36.0,697.7,No
7803-XOCCZ,Female,0,Yes,Yes,52,Yes,No,Fiber optic,Yes,No,Yes,Yes,No,No,Month-to-month,Yes,Bank transfer (automatic),99.05,4326.8,No
6549-BTYPG,Female,0,Yes,No,60,No,No phone service,DSL,No,Yes,Yes,Yes,Yes,Yes,Month-to-month,No,Credit card (automatic),75.8,3603.45,No
9114-AAFQH,Female,0,Yes,No,48,Yes,No,DSL,No,Yes,Yes,No,No,Yes,Month-to-month,Yes,Electronic check,80.65,3094.65,No
3572-UUHRS,Male,0,No,No,45,Yes,No,No,No internet service,No internet service,No internet service,No internet service,No internet service,No internet service,Month-to-month,No,Bank transfer (automatic),33.85,867.3,No
7666-WKRON,Female,0,No,No,39,Yes,No,Fiber optic,No,No,Yes,Yes,No,No,Month-to-month,Yes,Electronic check,95.45,3201.55,Yes
5192-EBGOV,Female,1,No,No,1,Yes,Yes,Fiber optic,No,No,No,No,Yes,No,Month-to-month,Yes,Electronic check,100.7,85.7,Yes
6502-MJQAE,Male,0,No,No,1,Yes,No,Fiber optic,No,No,No,No,No,No,Month-to-month,Yes,Electronic check,84.6,69.6,Yes
6400-BWQKW,Female,0,No,No,6,Yes,Yes,Fiber optic,Yes,No,No,No,No,No,Month-to-month,Yes,Electronic check,94.05,434.5,Yes
5928-QLDHB,Male,0,No,No,9,Yes,Yes,Fiber optic,No,No,No,No,No,No,Month-to-month,Yes,Electronic check,91.25,684.85,No
4376-KFVRS,Male,0,Yes,Yes,72,Yes,Yes,Fiber optic,Yes,Yes,Yes,Yes,Yes,Yes,Month-to-month,Yes,Credit card (automatic),129.05,8468.2,No
3528-HFRIQ,Male,1,Yes,No,71,No,No phone service,DSL,No,Yes,Yes,No,Yes,Yes,Month-to-month,Yes,Bank transfer (automatic),67.3,3765.05,No
2718-YSKCS,Male,0,Yes,Yes,71,Yes,No,No,No internet service,No internet service,No internet service,No internet service,No internet service,No internet service,Month-to-month,Yes,Bank transfer (automatic),34.6,1387.45,No
2434-EEVDB,Female,0,Yes,No,64,Yes,Yes,Fiber optic,Yes,No,Yes,No,Yes,No,Two year,Yes,Credit card (automatic),109.6,5948.7,No
6506-EYCNH,Female,0,Yes,Yes,28,Yes,No,No,No internet service,No internet service,No internet service,No internet service,No internet service,No internet service,Month-to-month,Yes,Bank transfer (automatic),34.55,543.8,No
3396-DKDEL,Female,0,Yes,Yes,70,Yes,Yes,Fiber optic,Yes,Yes,Yes,Yes,Yes,Yes,Two year,Yes,Credit card (automatic),130.15,8250,No
3269-ATYWD,Male,1,No,No,39,Yes,Yes,Fiber optic,No,No,No,No,Yes,Yes,Month-to-month,Yes,Bank transfer (automatic),110.65,3759.05,Yes
1159-WFSGR,Female,0,Yes,Yes,16,Yes,No,No,No internet service,No internet service,No internet service,No internet service,No internet service,No internet service,Month-to-month,No,Electronic check,35.4,321.4,No
9835-ZIITK,Male,1,Yes,No,66,Yes,Yes,Fiber optic,No,Yes,Yes,Yes,Yes,Yes,One year,Yes,Electronic check,125.85,7491.75,Yes
9279-CJEOJ,Female,1,No,No,21,Yes,Yes,Fiber optic,No,No,No,No,Yes,Yes,Month-to-month,Yes,Bank transfer (automatic),110.4,2025.1,No
4720-VSTSI,Female,0,No,No,44,Yes,Yes,Fiber optic,No,Yes,Yes,No,No,No,Month-to-month,Yes,Bank transfer (automatic),99.8,3862.55,Yes
1360-JYXKQ,Female,1,Yes,No,54,Yes,No,Fiber optic,No,No,Yes,Yes,Yes,Yes,One year,Yes,Electronic check,114.1,5437.1,No
8388-FYNPZ,Male,0,No,No,4,Yes,No,DSL,Yes,No,Yes,No,No,No,Month-to-month,No,Electronic check,71.75,245.15,No
7868-TMWMZ,Female,1,Yes,No,60,Yes,No,Fiber optic,Yes,Yes,Yes,Yes,Yes,Yes,Month-to-month,Yes,Bank transfer (automatic),125.0,6668.35,No
3466-RITXD,Male,0,No,No,26,Yes,Yes,Fiber optic,Yes,Yes,No,No,Yes,No,Month-to-month,Yes,Credit card (automatic),107.4,2349.8,No
6427-FEFIG,Female,0,Yes,Yes,24,Yes,Yes,DSL,Yes,No,Yes,No,Yes,Yes,Two year,No,Credit card (automatic),93.6,1846.65,No
6518-PPLMZ,Male,0,Yes,Yes,53,Yes,No,No,No internet service,No internet service,No internet service,No internet service,No internet service,No internet service,Month-to-month,Yes,Mailed check,34.4,1110.35,No
6762-NSODU,Female,0,Yes,Yes,46,Yes,No,No,No internet service,No internet service,No internet service,No internet service,No internet service,No internet service,Month-to-month,No,Credit card (automatic),34.4,958.15,No
4355-CVPVS,Female,0,Yes,Yes,56,Yes,No,Fiber optic,No,No,No,No,Yes,Yes,Month-to-month,No,Bank transfer (automatic),103.9,4968,No
7629-WIXZF,Female,0,No,No,7,Yes,No,DSL,Yes,No,No,No,No,Yes,Month-to-month,Yes,Electronic check,74.1,369.25,No
3049-NDXFL,Female,0,No,No,1,Yes,Yes,Fiber optic,No,No,No,No,No,Yes,Month-to-month,No,Mailed check,100.8,85.8,Yes
3566-HJGPK,Male,0,No,No,1,Yes,No,DSL,No,No,No,No,No,No,Month-to-month,Yes,Mailed check,60.55,45.55,No
1460-UZPRJ,Male,0,Yes,No,60,Yes,No,No,No internet service,No internet service,No internet service,No internet service,No internet service,No internet service,Month-to-month,No,Mailed check,34.95,1258.15,No
3712-PKXZA,Male,0,Yes,No,61,Yes,No,No,No internet service,No internet service,No internet service,No internet service,No internet service,No internet service,Month-to-month,Yes,Credit card (automatic),35.55,1252,No
1623-NLDOT,Female,0,Yes,No,42,No,No phone service,DSL,No,Yes,No,Yes,No,No,Month-to-month,No,Mailed check,48.55,1445.3,Yes
5171-EPLKN,Male,0,No,No,27,Yes,No,No,No internet service,No internet service,No internet service,No internet service,No internet service,No internet service,Month-to-month,No,Credit card (automatic),34.85,470,No
5569-KGJHX,Female,0,Yes,Yes,9,Yes,Yes,Fiber optic,No,No,No,No,Yes,No,Month-to-month,Yes,Bank transfer (automatic),100.35,754.65,Yes
7463-IFMQU,Female,0,Yes,No,72,Yes,No,No,No internet service,No internet service,No internet service,No internet service,No internet service,No internet service,Month-to-month,No,Bank transfer (automatic),35.05,1423.65,No
3178-CIFOT,Female,0,No,No,23,Yes,No,No,No internet service,No internet service,No internet service,No internet service,No internet service,No internet service,Month-to-month,Yes,Credit card (automatic),34.65,478.1,No
1095-JUDTC,Female,1,No,No,47,Yes,Yes,Fiber optic,No,Yes,No,Yes,Yes,No,Month-to-month,Yes,Electronic check,110.05,4504.55,Yes
3719-TDVQB,Female,1,Yes,No,54,Yes,No,No,No internet service,No internet service,No internet service,No internet service,No internet service,No internet service,Two year,Yes,Mailed check,33.95,1031.1,No
4929-XIHVW,Male,1,Yes,No,2,Yes,No,Fiber optic,No,No,Yes,No,Yes,Yes,Month-to-month,Yes,Credit card (automatic),110.5,181.65,No
8106-GWQOK,Male,0,Yes,No,38,No,No phone service,DSL,Yes,Yes,No,Yes,Yes,Yes,Month-to-month,Yes,Bank transfer (automatic),75.0,2193.2,No
4128-ETESU,Female,1,Yes,No,47,Yes,Yes,Fiber optic,No,No,Yes,No,Yes,Yes,Month-to-month,No,Electronic check,114.7,4747.2,No
0661-WCQNQ,Male,0,Yes,No,22,Yes,No,DSL,Yes,No,No,Yes,No,No,Month-to-month,Yes,Credit card (automatic),71.25,1292.2,No
4927-WWOOZ,Male,0,Yes,No,2,Yes,Yes,Fiber optic,No,No,Yes,No,Yes,No,Month-to-month,Yes,Electronic check,106.45,171.45,No
7564-GHCVB,Female,0,Yes,Yes,72,Yes,Yes,Fiber optic,Yes,No,No,No,No,No,Month-to-month,No,Bank transfer (automatic),94.05,5730.7,No
3445-HXXGF,Male,1,Yes,No,58,No,No phone service,DSL,No,Yes,Yes,No,No,Yes,Month-to-month,Yes,Electronic check,60.3,2651.2,Yes
6670-MFRPK,Male,0,Yes,Yes,69,Yes,Yes,Fiber optic,No,No,Yes,No,No,No,Month-to-month,Yes,Credit card (automatic),94.2,5420.65,No
6890-PFRQX,Male,0,No,No,18,Yes,Yes,DSL,Yes,No,Yes,No,Yes,No,Month-to-month,No,Mailed check,84.5,1199.4,No
1552-CZCLL,Female,0,Yes,Yes,55,Yes,No,No,No internet service,No internet service,No internet service,No internet service,No internet service,No internet service,Month-to-month,No,Credit card (automatic),35.0,1087.25,No
2014-MKGMH,Female,0,No,No,46,Yes,Yes,Fiber optic,No,No,Yes,No,Yes,Yes,One year,Yes,Electronic check,116.1,4674.4,No
0303-WMMRN,Male,0,No,No,5,Yes,No,No,No internet service,No internet service,No internet service,No internet service,No internet service,No internet service,Month-to-month,Yes,Mailed check,34.25,86.05,No
3806-DXQOM,Female,0,No,No,4,No,No phone service,DSL,Yes,Yes,No,No,No,No,Month-to-month,Yes,Electronic check,48.65,137.85,Yes
1724-BQUHA,Male,1,No,No,5,Yes,No,Fiber optic,No,No,No,No,Yes,Yes,Month-to-month,Yes,Electronic check,104.5,477.7,Yes
2580-ATZSQ,Female,0,Yes,Yes,65,Yes,No,DSL,Yes,Yes,Yes,No,No,No,Month-to-month,No,Bank transfer (automatic),76.35,3874.1,No
7945-PRBVF,Male,0,No,No,35,Yes,No,No,No internet service,No internet service,No internet service,No internet service,No internet service,No internet service,Month-to-month,No,Bank transfer (automatic),36.45,705.45,No
3898-GUYTS,Female,1,No,No,45,Yes,Yes,Fiber optic,Yes,Yes,No,Yes,Yes,No,Month-to-month,Yes,Electronic check,112.05,4385.05,No
2832-SCUCO,Female,0,No,No,2,Yes,No,No,No internet service,No internet service,No internet service,No internet service,No internet service,No internet service,Month-to-month,No,Electronic check,34.9,57.4,No
9779-DPNEJ,Female,0,Yes,Yes,22,Yes,No,Fiber optic,No,No,No,No,No,Yes,Month-to-month,Yes,Electronic check,95.15,1790.65,No
4915-BFSXL,Male,0,Yes,Yes,70,Yes,Yes,DSL,Yes,No,Yes,No,Yes,No,Two year,No,Credit card (automatic),83.95,4858.7,No
5018-LXQQG,Female,0,Yes,Yes,30,Yes,No,DSL,Yes,No,No,Yes,No,Yes,Month-to-month,No,Bank transfer (automatic),81.3,1923.5,No
1698-XFZCI,Male,0,No,No,61,Yes,Yes,Fiber optic,Yes,Yes,Yes,No,Yes,Yes,One year,Yes,Electronic check,122.75,6521.9,No
1872-EBWSC,Female,0,No,No,29,Yes,No,No,No internet service,No internet service,No internet service,No internet service,No internet service,No internet service,One year,No,Mailed check,35.35,617.35,No
4446-BZKHU,Male,0,Yes,No,61,Yes,Yes,Fiber optic,No,Yes,Yes,No,Yes,Yes,Month-to-month,Yes,Electronic check,120.55,6281.45,Yes
4607-CHPCA,Male,0,Yes,Yes,25,Yes,No,Fiber optic,No,No,No,No,Yes,Yes,One year,Yes,Electronic check,105.4,2178.6,Yes
9475-NNDGC,Male,0,Yes,No,71,Yes,Yes,Fiber optic,No,Yes,Yes,Yes,Yes,Yes,One year,Yes,Bank transfer (automatic),128.15,7953.25,No
3841-CONLJ,Female,0,Yes,No,1,No,No phone service,DSL,No,No,No,No,No,Yes,Month-to-month,No,Electronic check,50.0,35,No
2294-DMMUS,Female,0,Yes,Yes,62,Yes,Yes,DSL,No,No,No,No,Yes,Yes,Month-to-month,Yes,Credit card (automatic),85.45,4300.45,No
5921-NGYRH,Male,0,Yes,No,64,Yes,No,Fiber optic,Yes,No,No,No,No,No,Month-to-month,Yes,Mailed check,88.55,4764,No
1897-OKVMW,Female,0,Yes,Yes,64,Yes,Yes,DSL,Yes,Yes,Yes,Yes,Yes,Yes,Month-to-month,Yes,Mailed check,105.6,5817.45,No
5117-IFGPS,Male,1,Yes,No,29,Yes,Yes,Fiber optic,No,No,No,No,No,Yes,Month-to-month,Yes,Electronic check,99.3,2357.75,No
3866-MDTUB,Female,0,No,No,2,Yes,No,DSL,Yes,No,No,No,Yes,Yes,Month-to-month,Yes,Electronic check,85.75,146.9,Yes
1194-SPVSP,Male,0,No,No,1,Yes,No,No,No internet service,No internet service,No internet service,No internet service,No internet service,No internet service,Month-to-month,No,Bank transfer (automatic),34.65,19.65,No
6905-NIQIN,Male,0,No,No,1,Yes,No,DSL,No,Yes,No,No,No,No,Month-to-month,No,Mailed check,65.65,50.65,Yes
6813-GZQCG,Female,0,Yes,Yes,45,Yes,Yes,No,No internet service,No internet service,No internet service,No internet service,No internet service,No internet service,Month-to-month,Yes,Credit card (automatic),39.65,1171.3,No
9896-UYMIE,Male,0,No,No,66,Yes,Yes,Fiber optic,Yes,Yes,Yes,Yes,Yes,Yes,Month-to-month,Yes,Bank transfer (automatic),129.3,7383.7,No
8849-GYOKR,Female,0,Yes,No,54,Yes,Yes,Fiber optic,Yes,Yes,No,No,Yes,Yes,One year,No,Bank transfer (automatic),121.55,5763.3,Yes
5816-JMLGY,Female,0,Yes,Yes,70,Yes,No,DSL,No,Yes,Yes,Yes,Yes,Yes,Two year,Yes,Bank transfer (automatic),95.4,5717.85,No
3990-QYKBE,Male,1,Yes,No,37,Yes,Yes,Fiber optic,No,No,No,No,Yes,Yes,Month-to-month,Yes,Electronic check,107.5,3473.4,Yes
6161-UUUTA,Male,1,No,No,3,Yes,No,Fiber optic,No,No,No,No,Yes,No,Month-to-month,Yes,Electronic check,94.9,260.9,Yes
0396-UKGAI,Male,0,No,Yes,23,Yes,No,DSL,No,Yes,No,Yes,No,No,Month-to-month,Yes,Bank transfer (automatic),70.3,1284.2,No
0512-FLFDW,Female,1,Yes,No,60,Yes,Yes,Fiber optic,No,No,Yes,No,Yes,Yes,Month-to-month,Yes,Credit card (automatic),115.5,6029,No
2946-KIQSP,Female,0,No,No,35,No,No phone service,DSL,No,No,Yes,Yes,No,No,Month-to-month,Yes,Mailed check,48.45,1175.85,No
0187-WZNAB,Female,0,Yes,Yes,27,Yes,No,Fiber optic,Yes,No,No,No,No,No,Month-to-month,No,Mailed check,89.4,1972.35,No
6867-ACCZI,Female,0,Yes,Yes,24,No,No phone service,DSL,Yes,Yes,Yes,Yes,No,Yes,Month-to-month,Yes,Mailed check,67.5,1208.15,No
7024-OHCCK,Female,1,No,No,2,Yes,Yes,Fiber optic,No,No,No,No,Yes,Yes,Month-to-month,Yes,Electronic check,108.85,170.85,Yes
6481-OGDOO,Male,0,Yes,No,67,Yes,No,Fiber optic,Yes,Yes,No,No,No,Yes,One year,Yes,Credit card (automatic),105.6,6056.15,Yes
7377-DMMRI,Male,0,No,No,2,Yes,No,DSL,Yes,No,No,No,No,No,Month-to-month,Yes,Electronic check,62.8,92.45,Yes
1963-VAUKV,Female,0,No,No,1,Yes,No,No,No internet service,No internet service,No internet service,No internet service,No internet service,No internet service,Month-to-month,No,Mailed check,35.4,20.4,Yes
5919-TMRGD,Female,0,No,Yes,1,Yes,No,Fiber optic,No,No,No,No,Yes,No,Month-to-month,Yes,Electronic check,94.35,79.35,Yes
6994-ORCWG,Female,0,No,No,14,Yes,Yes,DSL,No,Yes,No,No,No,No,One year,Yes,Mailed check,69.25,773.2,No
5144-TVGLP,Male,1,No,No,38,Yes,Yes,Fiber optic,No,No,No,No,Yes,Yes,Month-to-month,No,Electronic check,109.75,3653,No
0328-GRPMV,Female,0,No,No,1,Yes,No,Fiber optic,No,No,No,No,No,No,Month-to-month,Yes,Electronic check,85.1,70.1,Yes
2905-KFQUV,Female,0,Yes,No,2,Yes,No,Fiber optic,No,No,No,No,No,No,Month-to-month,Yes,Credit card (automatic),85.4,154.8,No
8637-XJIVR,Female,0,No,No,12,Yes,Yes,Fiber optic,Yes,No,No,No,No,No,Month-to-month,Yes,Electronic check,93.95,927.35,Yes
5150-LJNSR,Male,0,Yes,Yes,31,Yes,Yes,Fiber optic,Yes,No,Yes,No,Yes,No,Month-to-month,No,Bank transfer (automatic),113.05,3082.1,No
4826-DXMUP,Male,0,No,Yes,35,Yes,No,DSL,No,No,No,Yes,Yes,Yes,One year,Yes,Mailed check,87.1,2495.15,No
3518-FSTWG,Male,1,Yes,No,72,Yes,Yes,Fiber optic,Yes,Yes,Yes,No,Yes,Yes,Month-to-month,Yes,Bank transfer (automatic),124.55,7920.7,No
2929-ERCFZ,Female,0,Yes,Yes,8,Yes,No,Fiber optic,No,No,Yes,No,Yes,Yes,Month-to-month,Yes,Electronic check,109.2,777.3,Yes
1455-UGQVH,Male,0,Yes,No,10,Yes,Yes,Fiber optic,No,No,Yes,No,Yes,Yes,Month-to-month,Yes,Electronic check,113.5,1037.75,Yes
8485-GJCDN,Female,1,No,No,5,Yes,No,Fiber optic,No,No,No,No,No,No,Month-to-month,Yes,Mailed check,84.05,318.5,Yes
0459-SPZHJ,Male,0,Yes,Yes,63,Yes,Yes,DSL,Yes,Yes,Yes,No,Yes,Yes,Two year,No,Credit card (automatic),98.5,5435,No
2169-RRLFW,Female,0,Yes,No,71,Yes,Yes,No,No internet service,No internet service,No internet service,No internet service,No internet service,No internet service,Two year,No,Credit card (automatic),40.6,1888.25,No
8818-DOPVL,Female,1,No,No,46,Yes,Yes,Fiber optic,No,Yes,Yes,No,Yes,Yes,Month-to-month,Yes,Electronic check,119.45,4863.85,No
1207-BLKSA,Female,0,Yes,Yes,52,Yes,Yes,No,No internet service,No internet service,No internet service,No internet service,No internet service,No internet service,Month-to-month,No,Mailed check,38.05,1255.1,No
7593-XFKDI,Male,0,No,No,1,Yes,No,DSL,No,No,No,No,No,No,Month-to-month,No,Mailed check,61.3,46.3,Yes
5393-RXQSZ,Male,0,No,No,1,Yes,No,Fiber optic,No,No,No,No,No,Yes,Month-to-month,No,Electronic check,94.6,79.6,Yes
5183-KLYEM,Female,0,No,No,72,Yes,Yes,Fiber optic,Yes,Yes,Yes,Yes,Yes,Yes,Two year,Yes,Credit card (automatic),127.75,8192.6,No
0923-PNFUB,Female,0,No,No,3,Yes,No,Fiber optic,No,Yes,No,No,Yes,No,Month-to-month,No,Electronic check,98.75,247.25,Yes
4134-BSXLX,Male,0,Yes,No,28,Yes,No,DSL,Yes,Yes,No,Yes,No,No,Month-to-month,No,Mailed check,75.9,1785.65,No
1452-XRSJV,Female,0,Yes,Yes,39,Yes,No,DSL,Yes,No,No,No,No,No,Month-to-month,No,Credit card (automatic),66.05,2066,No
4213-HKBJO,Female,0,No,No,33,Yes,Yes,No,No internet service,No internet service,No internet service,No internet service,No internet service,No internet service,Month-to-month,No,Credit card (automatic),40.7,826.1,No
7750-EYXWZ,Female,0,No,No,12,No,No phone service,DSL,No,Yes,Yes,Yes,Yes,Yes,Month-to-month,No,Electronic check,75.65,743.3,No
7180-PISOG,Male,0,Yes,Yes,1,Yes,Yes,Fiber optic,No,No,No,No,No,No,Month-to-month,Yes,Electronic check,89.5,74.5,Yes
1356-MKYSK,Male,0,No,No,6,Yes,No,DSL,Yes,No,Yes,Yes,Yes,Yes,Month-to-month,No,Credit card (automatic),93.65,483.3,No
1212-GLHMD,Male,0,No,No,3,Yes,No,Fiber optic,Yes,No,No,No,No,Yes,Month-to-month,Yes,Mailed check,101.05,244.85,No
7228-OMTPN,Male,0,No,No,4,Yes,No,Fiber optic,No,No,No,No,Yes,Yes,Month-to-month,Yes,Electronic check,103.45,370.65,Yes
7682-AZNDK,Male,0,Yes,Yes,34,Yes,No,Fiber optic,No,Yes,Yes,No,Yes,No,Month-to-month,Yes,Electronic check,104.85,3091.75,No
6286-SUUWT,Male,0,No,No,1,Yes,No,No,No internet service,No internet service,No internet service,No internet service,No internet service,No internet service,Month-to-month,No,Mailed check,34.95,19.95,No
3500-RMZLT,Female,1,No,No,15,Yes,No,Fiber optic,Yes,No,Yes,Yes,No,Yes,Month-to-month,Yes,Mailed check,111.3,1426.75,Yes
4729-XKASR,Male,0,No,Yes,1,No,No phone service,DSL,No,No,No,No,No,No,Month-to-month,No,Electronic check,39.75,24.75,Yes
8364-TRMMK,Female,0,No,No,3,Yes,Yes,DSL,No,No,No,No,No,No,Month-to-month,Yes,Mailed check,65.65,151.3,Yes
1000-AJSLD,Male,0,No,No,1,Yes,No,No,No internet service,No internet service,No internet service,No internet service,No internet service,No internet service,Month-to-month,Yes,Mailed check,35.1,20.1,Yes
4393-OBCRR,Female,0,No,No,3,Yes,No,No,No internet service,No internet service,No internet service,No internet service,No internet service,No internet service,Month-to-month,No,Mailed check,35.25,71.2,No
0942-KOWSM,Female,0,Yes,Yes,30,Yes,No,DSL,No,Yes,Yes,Yes,Yes,Yes,Two year,No,Bank transfer (automatic),95.8,2369.3,No
0870-VEMYL,Female,0,No,No,5,Yes,No,DSL,Yes,No,No,Yes,No,No,Month-to-month,No,Credit card (automatic),68.85,259.8,Yes
3454-JFUBC,Male,1,No,No,68,Yes,No,No,No internet service,No internet service,No internet service,No internet service,No internet service,No internet service,Month-to-month,Yes,Credit card (automatic),35.0,1396,No
2592-YKDIF,Female,0,No,No,1,Yes,No,No,No internet service,No internet service,No internet service,No internet service,No internet service,No internet service,Month-to-month,No,Mailed check,35.35,20.35,No
6941-PMGEP,Female,0,No,No,5,Yes,No,Fiber optic,No,No,No,No,No,Yes,Month-to-month,Yes,Electronic check,95.0,412.5,Yes
0511-JTEOY,Female,0,No,No,1,Yes,No,Fiber optic,No,No,No,No,No,No,Month-to-month,No,Mailed check,86.1,71.1,Yes
4323-ELYYB,Male,0,Yes,Yes,13,Yes,No,No,No internet service,No internet service,No internet service,No internet service,No internet service,No internet service,Month-to-month,No,Mailed check,35.0,218.55,No
9500-LTVBP,Female,0,No,No,35,Yes,Yes,Fiber optic,No,No,No,Yes,No,No,Month-to-month,No,Credit card (automatic),95.05,2835.9,No
8120-JDCAM,Male,0,Yes,Yes,4,Yes,No,Fiber optic,No,No,No,No,No,No,Month-to-month,Yes,Mailed check,84.55,284.9,No
1335-NTIUC,Male,0,No,No,9,No,No phone service,DSL,No,No,No,No,No,No,Month-to-month,Yes,Electronic check,39.95,190.25,No
6563-VNPMN,Female,1,No,No,45,Yes,No,Fiber optic,Yes,Yes,No,Yes,No,No,Month-to-month,Yes,Bank transfer (automatic),100.7,3778.1,No
0668-OGMHD,Female,0,Yes,No,21,No,No phone service,DSL,Yes,No,No,No,No,No,Month-to-month,No,Electronic check,43.5,629.35,No
0311-UNPFF,Female,0,No,No,26,Yes,No,Fiber optic,No,No,No,No,Yes,Yes,Month-to-month,Yes,Bank transfer (automatic),103.8,2274.35,Yes
9282-IZGQK,Female,0,No,No,1,Yes,Yes,Fiber optic,No,No,No,No,No,Yes,Month-to-month,Yes,Electronic check,100.0,85,Yes
4695-WJZUE,Female,1,No,No,2,Yes,Yes,Fiber optic,No,No,Yes,No,No,Yes,Month-to-month,Yes,Electronic check,103.55,179.25,Yes
5527-ACHSO,Female,0,No,No,11,Yes,No,DSL,No,No,No,Yes,Yes,Yes,Month-to-month,No,Mailed check,85.5,829.3,No
5140-FOMCQ,Female,0,Yes,No,59,Yes,Yes,Fiber optic,Yes,Yes,Yes,No,Yes,Yes,Month-to-month,Yes,Credit card (automatic),124.15,6557.75,No
0410-IPFTY,Female,0,Yes,No,31,Yes,No,Fiber optic,No,Yes,No,No,No,Yes,Month-to-month,Yes,Bank transfer (automatic),98.85,2674.15,No
1333-PBMXB,Female,0,Yes,Yes,54,Yes,Yes,No,No internet service,No internet service,No internet service,No internet service,No internet service,No internet service,Month-to-month,Yes,Bank transfer (automatic),39.75,1342.15,No
1915-OAKWD,Female,0,No,Yes,16,Yes,No,No,No internet service,No internet service,No internet service,No internet service,No internet service,No internet service,Month-to-month,Yes,Bank transfer (automatic),34.3,360.35,No
5707-ORNDZ,Male,1,No,No,9,Yes,Yes,DSL,Yes,No,No,No,No,No,Month-to-month,No,Electronic check,69.55,494.05,Yes
7969-AULMZ,Female,0,No,No,21,Yes,Yes,Fiber optic,No,No,No,No,Yes,Yes,Month-to-month,Yes,Electronic check,112.35,2119.5,Yes
2700-LUEVA,Male,0,No,No,1,Yes,No,No,No internet service,No internet service,No internet service,No internet service,No internet service,No internet service,Month-to-month,No,Credit card (automatic),35.75,20.75,No
9099-FTUHS,Female,0,No,No,23,Yes,Yes,DSL,Yes,No,No,No,No,No,Month-to-month,No,Electronic check,69.4,1249.25,No
8699-ASUFO,Male,1,Yes,No,7,Yes,Yes,Fiber optic,No,No,No,No,No,No,Month-to-month,Yes,Mailed check,89.4,527.9,Yes
7181-OQCUT,Male,0,No,No,21,Yes,Yes,Fiber optic,Yes,No,Yes,No,Yes,Yes,Month-to-month,No,Mailed check,118.85,2215,No
3096-YXENJ,Female,0,Yes,No,65,Yes,Yes,Fiber optic,No,Yes,Yes,Yes,Yes,Yes,Two year,Yes,Bank transfer (automatic),122.65,7082.85,No
2495-INZWQ,Male,0,No,No,4,No,No phone service,DSL,No,No,No,No,Yes,Yes,Month-to-month,Yes,Electronic check,59.55,174.3,Yes
2193-SFWQW,Male,0,Yes,Yes,72,Yes,No,Fiber optic,Yes,Yes,Yes,Yes,Yes,Yes,Month-to-month,No,Bank transfer (automatic),126.95,8033.1,No
3908-MKIMJ,Male,1,Yes,No,68,No,No phone service,DSL,Yes,Yes,Yes,No,No,No,Two year,Yes,Electronic check,56.95,2965.75,No
6736-DHUQI,Female,0,Yes,Yes,67,Yes,No,Fiber optic,Yes,Yes,Yes,No,No,No,Month-to-month,No,Bank transfer (automatic),99.8,5598.3,No
2868-MZAGQ,Male,0,No,No,1,Yes,No,Fiber optic,No,No,No,No,No,Yes,Month-to-month,Yes,Electronic check,94.25,79.25,Yes
8905-IAZPF,Female,0,Yes,No,69,Yes,No,Fiber optic,No,Yes,No,No,Yes,Yes,Month-to-month,Yes,Credit card (automatic),110.65,6744.2,No
1215-FIGMP,Male,0,No,No,60,Yes,Yes,Fiber optic,No,Yes,No,No,Yes,No,Month-to-month,Yes,Bank transfer (automatic),104.9,5450.7,No
0772-GYEQQ,Male,0,No,No,3,Yes,No,Fiber optic,No,No,Yes,Yes,Yes,No,Month-to-month,Yes,Mailed check,103.35,262.05,Yes
9995-HOTOH,Male,0,Yes,Yes,63,No,No phone service,DSL,Yes,Yes,Yes,No,Yes,Yes,Month-to-month,No,Electronic check,74.0,3707.6,No
7579-KKLOE,Male,0,Yes,Yes,71,Yes,Yes,DSL,Yes,Yes,Yes,Yes,Yes,Yes,Two year,Yes,Mailed check,106.25,6589.6,No
3594-UVONA,Female,0,No,No,35,Yes,Yes,DSL,Yes,No,Yes,Yes,Yes,Yes,Month-to-month,Yes,Credit card (automatic),100.95,3110.1,Yes
6641-XRPSU,Female,0,No,No,34,Yes,No,Fiber optic,No,No,No,No,No,No,Month-to-month,Yes,Credit card (automatic),85.0,2416.1,Yes
5707-ZMDJP,Male,0,Yes,Yes,53,Yes,No,DSL,Yes,Yes,No,Yes,Yes,No,Month-to-month,Yes,Mailed check,84.7,3729.6,No
3307-TLCUD,Male,0,Yes,No,17,No,No phone service,DSL,Yes,No,Yes,No,No,No,Month-to-month,No,Mailed check,49.4,592.75,No
4797-AXPXK,Female,0,No,Yes,1,Yes,No,DSL,Yes,Yes,No,Yes,No,No,Month-to-month,Yes,Electronic check,75.0,60,Yes
4869-EPIUS,Male,0,Yes,No,56,Yes,No,Fiber optic,No,No,No,No,No,Yes,One year,Yes,Electronic check,95.9,4557.5,No
8563-IIOXK,Male,0,Yes,Yes,7,Yes,No,DSL,Yes,No,No,No,No,No,Month-to-month,Yes,Electronic check,64.75,331.3,Yes
2773-OVBPK,Male,0,Yes,No,67,Yes,Yes,Fiber optic,No,Yes,Yes,Yes,Yes,Yes,Month-to-month,Yes,Bank transfer (automatic),126.3,7567.2,No
1353-LJWEM,Male,0,No,No,11,Yes,No,DSL,No,Yes,Yes,Yes,No,No,Month-to-month,Yes,Electronic check,75.9,688.5,No
5868-YTYKS,Male,0,No,Yes,1,Yes,No,No,No internet service,No internet service,No internet service,No internet service,No internet service,No internet service,Month-to-month,Yes,Mailed check,35.25,20.25,No
8713-IGZSO,Male,0,No,No,2,Yes,Yes,No,No internet service,No internet service,No internet service,No internet service,No internet service,No internet service,Month-to-month,No,Mailed check,39.85,62,No
6050-FFXES,Female,0,Yes,No,69,Yes,Yes,Fiber optic,No,No,Yes,Yes,Yes,Yes,Two year,No,Bank transfer (automatic),120.35,7240.65,No
9300-RENDD,Male,0,No,No,1,Yes,No,Fiber optic,No,No,No,No,Yes,No,Month-to-month,Yes,Electronic check,94.95,79.95,Yes
4183-MYFRB,Female,0,No,No,21,Yes,No,Fiber optic,No,Yes,Yes,No,No,Yes,Month-to-month,Yes,Electronic check,105.05,1862.9,No
3339-EAQNV,Male,1,Yes,No,72,Yes,Yes,Fiber optic,No,Yes,No,No,Yes,Yes,Month-to-month,Yes,Credit card (automatic),112.25,7133.1,No
2545-EBUPK,Female,1,No,No,2,Yes,Yes,Fiber optic,No,No,No,No,No,Yes,Month-to-month,Yes,Electronic check,99.05,186.05,No
4990-ALDGW,Male,0,No,No,57,Yes,No,No,No internet service,No internet service,No internet service,No internet service,No internet service,No internet service,Month-to-month,No,Mailed check,35.75,1118.8,No
0970-ETWGE,Male,0,No,No,1,Yes,No,Fiber optic,No,No,No,No,Yes,Yes,Month-to-month,Yes,Electronic check,104.55,89.55,Yes
3671-SHRSP,Male,0,Yes,No,4,Yes,No,Fiber optic,No,No,Yes,Yes,No,No,Month-to-month,Yes,Mailed check,95.6,319.15,Yes
2308-STERM,Female,0,No,No,2,Yes,No,No,No internet service,No internet service,No internet service,No internet service,No internet service,No internet service,Month-to-month,No,Mailed check,34.4,61.05,No
1219-NNDDO,Female,0,No,No,9,Yes,Yes,Fiber optic,No,No,No,No,No,No,Month-to-month,Yes,Electronic check,91.85,663.55,No
3508-CFVZL,Female,0,No,No,71,Yes,Yes,Fiber optic,Yes,Yes,Yes,Yes,Yes,Yes,Two year,No,Mailed check,126.3,7985.9,No
3387-PLKUI,Female,0,Yes,Yes,13,Yes,No,No,No internet service,No internet service,No internet service,No internet service,No internet service,No internet service,Month-to-month,No,Mailed check,33.8,251.25,No
9702-AIUJO,Male,0,Yes,Yes,50,Yes,No,DSL,No,No,No,No,No,No,Month-to-month,Yes,Bank transfer (automatic),59.8,2230.85,No
8337-UPOAQ,Male,1,Yes,No,10,Yes,Yes,Fiber optic,No,No,Yes,No,No,Yes,Month-to-month,Yes,Electronic check,104.8,914.3,Yes
1728-CXQBE,Male,1,Yes,No,64,Yes,Yes,Fiber optic,No,Yes,Yes,No,No,Yes,Month-to-month,Yes,Electronic check,109.25,6081.4,No
5134-IKDAY,Female,0,Yes,Yes,1,Yes,No,Fiber optic,No,No,No,No,No,No,Month-to-month,Yes,Electronic check,84.8,69.8,Yes
9638-JIQYA,Male,0,No,No,2,No,No phone service,DSL,No,No,No,No,No,No,Month-to-month,Yes,Credit card (automatic),39.9,49.7,No
6647-ZEDXT,Female,0,No,No,30,Yes,Yes,Fiber optic,No,Yes,Yes,Yes,Yes,Yes,Month-to-month,No,Credit card (automatic),125.45,3327.05,No
1579-KLYDT,Male,0,No,No,7,Yes,Yes,Fiber optic,No,No,Yes,No,Yes,No,Month-to-month,Yes,Electronic check,105.45,593.45,Yes
3985-HOYPM,Male,0,No,No,26,Yes,No,No,No internet service,No internet service,No internet service,No internet service,No internet service,No internet service,Month-to-month,No,Mailed check,34.4,525.55,No
6705-LNMDD,Male,0,No,No,20,Yes,No,DSL,No,No,No,Yes,No,No,Month-to-month,No,Mailed check,65.0,1003.05,No
6917-FIJHC,Female,0,Yes,No,72,Yes,Yes,No,No internet service,No internet service,No internet service,No internet service,No internet service,No internet service,Month-to-month,Yes,Mailed check,41.0,1776,No
4640-UHDOS,Female,0,Yes,Yes,13,Yes,No,DSL,No,No,No,No,No,Yes,Month-to-month,No,Electronic check,70.95,734.35,Yes
1414-YADCW,Male,0,Yes,No,70,Yes,No,Fiber optic,Yes,Yes,No,Yes,No,No,Month-to-month,No,Bank transfer (automatic),99.6,5706.2,No
5960-MVTUK,Male,0,No,No,3,No,No phone service,DSL,No,No,No,Yes,No,No,Month-to-month,Yes,Electronic check,44.75,96.85,No
0637-KVDLV,Male,0,No,No,2,Yes,Yes,Fiber optic,No,No,No,No,No,No,Month-to-month,Yes,Electronic check,91.5,162.45,Yes
5451-YHYPW,Female,1,Yes,No,72,Yes,Yes,Fiber optic,Yes,Yes,Yes,Yes,Yes,Yes,Month-to-month,Yes,Credit card (automatic),130.75,8443.7,No
5813-UECBU,Male,1,No,No,33,Yes,Yes,Fiber optic,No,Yes,Yes,No,No,No,Month-to-month,Yes,Credit card (automatic),98.85,2716.3,Yes
9947-OTFQU,Male,1,No,No,15,Yes,No,Fiber optic,No,Yes,No,No,No,No,Month-to-month,Yes,Electronic check,89.4,1074.3,Yes
1816-FLZDK,Male,0,No,No,1,No,No phone service,DSL,No,No,No,Yes,No,No,Month-to-month,No,Mailed check,44.15,29.15,No
3005-NFMTA,Male,1,No,No,55,Yes,Yes,Fiber optic,Yes,No,No,No,Yes,Yes,Month-to-month,Yes,Electronic check,113.8,5617.75,Yes
4710-NKCAW,Male,0,Yes,Yes,5,Yes,Yes,DSL,Yes,Yes,No,Yes,No,No,Month-to-month,No,Credit card (automatic),79.4,316.9,No
4290-BSXUX,Male,0,Yes,No,3,Yes,Yes,Fiber optic,No,No,No,Yes,No,No,Month-to-month,Yes,Bank transfer (automatic),94.65,251.75,Yes
6266-QHOJZ,Female,0,No,No,65,Yes,Yes,Fiber optic,Yes,Yes,No,Yes,No,No,Month-to-month,Yes,Electronic check,104.85,5844.65,No
6047-SUHPR,Male,0,Yes,Yes,39,Yes,No,DSL,Yes,Yes,Yes,No,No,No,Month-to-month,No,Electronic check,74.8,2343.85,No
6010-DDPPW,Male,0,Yes,No,70,Yes,Yes,No,No internet service,No internet service,No internet service,No internet service,No internet service,No internet service,Month-to-month,No,Bank transfer (automatic),40.15,1940.85,No
4374-YMUSQ,Male,0,No,No,34,Yes,Yes,Fiber optic,Yes,Yes,Yes,Yes,Yes,Yes,Month-to-month,No,Credit card (automatic),131.25,3899.05,No
1958-RNRKS,Male,0,Yes,No,30,Yes,Yes,DSL,No,No,No,No,No,No,Month-to-month,No,Electronic check,64.9,1441.95,No
7176-WIONM,Female,0,Yes,No,12,No,No phone service,DSL,No,No,Yes,No,Yes,Yes,Month-to-month,Yes,Bank transfer (automatic),64.85,617.15,No
9483-GCPWE,Male,0,No,Yes,9,Yes,No,No,No internet service,No internet service,No internet service,No internet service,No internet service,No internet service,Month-to-month,No,Mailed check,35.1,190.25,No
1264-FUHCX,Female,0,Yes,No,49,No,No phone service,DSL,No,Yes,No,Yes,Yes,Yes,Month-to-month,Yes,Credit card (automatic),71.3,2780.6,No
8887-IPQNC,Female,0,Yes,No,7,Yes,No,DSL,No,No,No,No,No,No,Month-to-month,Yes,Mailed check,59.25,313.45,No
2921-XWDJH,Female,1,Yes,No,38,Yes,No,Fiber optic,Yes,No,No,No,No,Yes,Month-to-month,Yes,Electronic check,98.45,3147.15,No
5574-NXZIU,Male,0,No,No,63,Yes,No,Fiber optic,Yes,Yes,Yes,Yes,Yes,Yes,Month-to-month,No,Credit card (automatic),124.2,7049.75,No
8644-XLFBW,Male,1,No,No,1,Yes,No,Fiber optic,No,No,No,No,No,No,Month-to-month,Yes,Electronic check,86.65,71.65,Yes
4811-JBUVU,Male,0,No,No,30,Yes,Yes,Fiber optic,No,No,No,Yes,No,Yes,Month-to-month,Yes,Credit card (automatic),104.9,2723.15,No
8970-ANWXO,Female,0,No,No,23,Yes,Yes,DSL,No,No,No,Yes,Yes,Yes,Month-to-month,Yes,Mailed check,88.75,1756.6,No
0602-DDUML,Female,0,No,No,57,Yes,No,DSL,No,Yes,Yes,Yes,Yes,No,Month-to-month,No,Mailed check,84.75,3894.4,No
